Date ,Day,Month,Year,Quarter,series ,OPEN ,HIGH ,LOW ,PREV. CLOSE ,ltp ,close ,vwap ,52W H ,52W L ,VOLUME ,VALUE ,No of trades 
14-Nov-25,Friday,November,2025,Q4,EQ,565.35,570.50,555.05,565.35,558.70,556.95,561.43,714.80,320.85,263461.00,147914748.10,7775.00
13-Nov-25,Thursday,November,2025,Q4,EQ,541.60,569.95,541.60,542.85,565.00,565.35,563.49,714.80,320.85,1069656.00,602745203.95,17375.00
12-Nov-25,Wednesday,November,2025,Q4,EQ,553.75,556.50,540.40,551.30,544.95,542.85,550.92,714.80,320.85,670017.00,369125041.75,9595.00
11-Nov-25,Tuesday,November,2025,Q4,EQ,550.00,554.00,537.05,547.95,549.05,551.30,549.17,714.80,320.85,642644.00,352922586.15,7909.00
10-Nov-25,Monday,November,2025,Q4,EQ,548.25,551.75,533.85,543.05,543.50,547.95,543.50,714.80,320.85,345524.00,187792549.50,10944.00
07-Nov-25,Friday,November,2025,Q4,EQ,537.55,544.90,514.80,537.55,540.00,543.05,529.77,714.80,320.85,666031.00,352841844.85,13764.00
06-Nov-25,Thursday,November,2025,Q4,EQ,553.00,554.90,533.80,548.90,538.45,537.55,541.03,714.80,320.85,627899.00,339712031.20,11415.00
04-Nov-25,Tuesday,November,2025,Q4,EQ,550.00,554.50,538.35,553.50,550.00,548.90,547.73,714.80,320.85,537443.00,294374393.85,13589.00
03-Nov-25,Monday,November,2025,Q4,EQ,532.95,557.15,532.95,530.65,553.00,553.50,552.11,714.80,320.85,4095066.00,2260929395.05,20105.00
31-Oct-25,Friday,October,2025,Q4,EQ,542.70,547.15,528.00,540.55,530.00,530.65,537.35,714.80,320.85,178742.00,96047244.10,5866.00
30-Oct-25,Thursday,October,2025,Q4,EQ,547.85,548.70,538.00,541.80,540.55,540.55,542.86,714.80,320.85,86182.00,46784628.05,2940.00
29-Oct-25,Wednesday,October,2025,Q4,EQ,554.85,556.75,538.00,554.35,542.95,541.80,543.86,714.80,320.85,212779.00,115721535.85,6777.00
28-Oct-25,Tuesday,October,2025,Q4,EQ,562.00,566.20,552.70,563.70,553.50,554.35,557.47,714.80,320.85,112144.00,62516994.15,4774.00
27-Oct-25,Monday,October,2025,Q4,EQ,570.00,579.95,560.00,568.90,561.95,563.70,567.09,714.80,320.85,200847.00,113899141.60,7327.00
24-Oct-25,Friday,October,2025,Q4,EQ,556.95,575.00,551.85,556.90,570.00,568.90,566.01,714.80,320.85,821064.00,464726579.35,15088.00
23-Oct-25,Thursday,October,2025,Q4,EQ,543.60,559.95,539.90,541.90,555.90,556.90,552.33,714.80,320.85,408631.00,225698138.25,9255.00
21-Oct-25,Tuesday,October,2025,Q4,EQ,540.05,555.00,538.60,535.20,542.60,541.90,545.14,714.80,320.85,105011.00,57245412.75,3986.00
20-Oct-25,Monday,October,2025,Q4,EQ,539.00,552.75,522.25,535.85,538.90,535.20,535.03,714.80,320.85,417690.00,223477302.50,12346.00
17-Oct-25,Friday,October,2025,Q4,EQ,556.35,558.00,531.00,553.95,540.00,535.85,542.38,714.80,320.85,276803.00,150133768.20,10071.00
16-Oct-25,Thursday,October,2025,Q4,EQ,564.05,571.90,550.20,565.75,553.95,553.95,561.18,714.80,320.85,185623.00,104167341.75,6339.00
15-Oct-25,Wednesday,October,2025,Q4,EQ,565.80,574.45,551.65,565.80,564.35,565.75,564.97,714.80,320.85,370540.00,209343432.95,15226.00
14-Oct-25,Tuesday,October,2025,Q4,EQ,584.00,584.00,559.00,574.35,564.00,565.80,570.60,714.80,320.85,363370.00,207337576.00,11597.00
13-Oct-25,Monday,October,2025,Q4,EQ,570.00,577.75,554.00,575.40,575.00,574.35,569.74,714.80,320.85,1106780.00,630573393.95,19930.00
10-Oct-25,Friday,October,2025,Q4,EQ,548.55,575.40,548.55,548.00,575.40,575.40,571.46,714.80,320.85,290044.00,165747939.30,5241.00
09-Oct-25,Thursday,October,2025,Q4,EQ,560.00,564.20,541.65,564.10,548.00,548.00,549.76,714.80,320.85,442867.00,243468848.25,12610.00
08-Oct-25,Wednesday,October,2025,Q4,EQ,591.95,591.95,562.90,592.50,562.90,564.10,574.15,714.80,320.85,543172.00,311859880.85,15082.00
07-Oct-25,Tuesday,October,2025,Q4,EQ,603.00,613.80,566.75,586.75,589.10,592.50,587.48,714.80,320.85,1455349.00,854984372.10,38079.00
06-Oct-25,Monday,October,2025,Q4,EQ,579.90,586.75,569.95,558.85,586.75,586.75,583.76,714.80,320.85,988942.00,577302707.60,9711.00
03-Oct-25,Friday,October,2025,Q4,EQ,545.00,558.85,540.00,532.25,558.85,558.85,555.27,714.80,320.85,618352.00,343352871.85,7623.00
01-Oct-25,Wednesday,October,2025,Q4,EQ,519.90,535.00,509.70,515.25,532.80,532.25,527.63,714.80,320.85,378656.00,199789514.80,10711.00
30-Sep-25,Tuesday,September,2025,Q3,EQ,528.45,540.90,509.85,520.55,518.80,515.25,528.93,714.80,320.85,704646.00,372707510.50,18990.00
29-Sep-25,Monday,September,2025,Q3,EQ,505.00,520.55,497.30,495.80,520.55,520.55,510.73,714.80,320.85,717906.00,366653884.15,15711.00
26-Sep-25,Friday,September,2025,Q3,EQ,482.30,502.90,475.70,482.30,497.00,495.80,492.36,714.80,320.85,616350.00,303468388.45,14921.00
25-Sep-25,Thursday,September,2025,Q3,EQ,476.50,491.00,475.00,478.05,482.00,482.30,484.19,714.80,320.85,118531.00,57391444.30,4776.00
24-Sep-25,Wednesday,September,2025,Q3,EQ,490.00,495.40,475.35,497.45,478.10,478.05,485.45,714.80,320.85,201787.00,97958371.80,7621.00
23-Sep-25,Tuesday,September,2025,Q3,EQ,513.00,513.00,492.30,501.80,497.95,497.45,499.40,714.80,320.85,227198.00,113462867.85,7443.00
22-Sep-25,Monday,September,2025,Q3,EQ,498.00,511.05,491.30,488.90,501.90,501.80,500.28,714.80,320.85,605656.00,303000245.15,16144.00
19-Sep-25,Friday,September,2025,Q3,EQ,465.00,488.90,457.00,465.65,488.90,488.90,478.76,714.80,320.85,418230.00,200233866.30,13160.00
18-Sep-25,Thursday,September,2025,Q3,EQ,496.00,496.70,465.60,490.10,466.00,465.65,474.18,714.80,320.85,515276.00,244334453.60,9807.00
17-Sep-25,Wednesday,September,2025,Q3,EQ,495.00,505.10,486.00,491.25,491.00,490.10,495.87,714.80,320.85,547084.00,271284856.60,15808.00
16-Sep-25,Tuesday,September,2025,Q3,EQ,476.00,494.05,466.60,470.55,490.70,491.25,485.31,714.80,320.85,774459.00,375855440.85,17273.00
15-Sep-25,Monday,September,2025,Q3,EQ,443.05,471.55,443.05,449.10,469.85,470.55,468.14,714.80,320.85,514472.00,240847342.15,7246.00
12-Sep-25,Friday,September,2025,Q3,EQ,456.30,456.30,447.85,452.40,450.60,449.10,450.76,714.80,320.85,63736.00,28729955.45,2669.00
11-Sep-25,Thursday,September,2025,Q3,EQ,458.00,459.90,449.25,453.00,452.90,452.40,454.78,714.80,320.85,53957.00,24538470.60,2674.00
10-Sep-25,Wednesday,September,2025,Q3,EQ,452.00,466.80,450.00,446.45,453.90,453.00,458.13,714.80,320.85,123404.00,56534708.45,4744.00
09-Sep-25,Tuesday,September,2025,Q3,EQ,448.95,454.85,440.00,448.00,447.00,446.45,447.03,714.80,320.85,77039.00,34438442.90,2106.00
16-Jun-25,Monday,June,2025,Q2,EQ,527.90,534.10,503.20,527.25,515.50,517.55,517.37,714.80,256.01,281973.00,145883842.95,11864.00
13-Jun-25,Friday,June,2025,Q2,EQ,520.00,538.00,511.70,534.90,528.00,527.25,526.50,714.80,256.01,365861.00,192626141.55,14764.00
12-Jun-25,Thursday,June,2025,Q2,EQ,547.65,553.60,530.20,545.55,534.60,534.90,540.72,714.80,256.01,244261.00,132077780.75,11115.00
11-Jun-25,Wednesday,June,2025,Q2,EQ,550.55,560.30,535.85,547.90,544.75,545.55,547.36,714.80,256.01,350075.00,191618060.50,15648.00
10-Jun-25,Tuesday,June,2025,Q2,EQ,564.75,566.35,546.35,560.75,551.80,547.90,554.45,714.80,256.01,225359.00,124950726.75,9843.00
09-Jun-25,Monday,June,2025,Q2,EQ,560.55,568.80,558.00,560.55,558.25,560.75,562.64,714.80,256.01,283401.00,159452532.00,11275.00
06-Jun-25,Friday,June,2025,Q2,EQ,564.00,577.65,558.00,561.30,558.00,560.55,566.69,714.80,217.95,418220.00,236999040.15,14918.00
05-Jun-25,Thursday,June,2025,Q2,EQ,562.55,571.90,558.10,559.85,562.50,561.30,561.89,714.80,217.95,239057.00,134323361.65,10192.00
04-Jun-25,Wednesday,June,2025,Q2,EQ,573.80,576.70,555.60,571.10,562.00,559.85,564.44,714.80,217.95,347057.00,195891357.25,14646.00
03-Jun-25,Tuesday,June,2025,Q2,EQ,551.00,575.95,541.05,549.95,572.80,571.10,565.82,714.80,217.95,781241.00,442040848.55,28752.00
02-Jun-25,Monday,June,2025,Q2,EQ,534.10,564.45,529.00,516.40,549.00,549.95,549.40,714.80,217.95,1124020.00,617533318.20,43660.00
30-May-25,Friday,May,2025,Q2,EQ,505.85,524.00,499.25,504.85,516.40,516.40,512.75,714.80,217.95,724041.00,371252589.00,26734.00
29-May-25,Thursday,May,2025,Q2,EQ,475.80,515.50,475.25,473.95,504.50,504.85,500.23,714.80,217.95,1413221.00,706937900.35,35684.00
28-May-25,Wednesday,May,2025,Q2,EQ,485.90,490.00,465.00,476.95,474.90,473.95,479.48,714.80,217.95,441807.00,211836681.50,15707.00
27-May-25,Tuesday,May,2025,Q2,EQ,483.95,489.70,472.25,479.65,476.10,476.95,481.15,714.80,217.95,433013.00,208342874.40,14765.00
26-May-25,Monday,May,2025,Q2,EQ,452.85,494.35,451.00,449.45,480.00,479.65,481.98,714.80,217.95,1068476.00,514979244.30,21086.00
23-May-25,Friday,May,2025,Q2,EQ,452.95,455.15,446.00,452.65,449.20,449.45,449.72,714.80,217.95,159290.00,71636560.90,4853.00
22-May-25,Thursday,May,2025,Q2,EQ,454.00,462.15,448.55,462.55,453.75,452.65,454.30,714.80,217.95,193564.00,87936639.85,5984.00
21-May-25,Wednesday,May,2025,Q2,EQ,460.10,470.00,454.15,463.55,463.00,462.55,463.34,714.80,217.95,315387.00,146132774.25,8013.00
20-May-25,Tuesday,May,2025,Q2,EQ,473.90,484.90,461.10,467.85,465.25,463.55,470.54,714.80,217.95,583882.00,274739504.20,15636.00
19-May-25,Monday,May,2025,Q2,EQ,448.90,473.00,443.00,440.80,470.00,467.85,458.25,714.80,217.95,674622.00,309142255.80,17094.00
16-May-25,Friday,May,2025,Q2,EQ,436.00,445.70,430.40,433.20,441.20,440.80,440.05,714.80,215.15,230448.00,101409221.65,8820.00
15-May-25,Thursday,May,2025,Q2,EQ,437.00,441.90,430.05,431.50,433.55,433.20,435.08,714.80,215.15,275819.00,120003297.20,8196.00
14-May-25,Wednesday,May,2025,Q2,EQ,432.00,433.95,423.30,423.65,432.40,431.50,429.31,714.80,215.15,221110.00,94923748.15,7262.00
13-May-25,Tuesday,May,2025,Q2,EQ,425.95,434.00,417.55,422.95,425.95,423.65,426.20,714.80,215.15,405921.00,173002963.50,13803.00
12-May-25,Monday,May,2025,Q2,EQ,409.00,425.30,400.55,386.65,423.50,422.95,417.68,714.80,215.15,586024.00,244770422.20,11974.00
09-May-25,Friday,May,2025,Q2,EQ,373.90,391.00,372.15,384.95,390.60,386.65,381.06,714.80,210.20,182263.00,69453321.70,7410.00
08-May-25,Thursday,May,2025,Q2,EQ,397.50,404.00,380.60,397.15,384.00,384.95,396.32,714.80,210.20,221251.00,87685966.00,6798.00
07-May-25,Wednesday,May,2025,Q2,EQ,384.00,399.00,379.40,390.25,397.00,397.15,392.60,714.80,210.20,249584.00,97985535.85,7556.00
06-May-25,Tuesday,May,2025,Q2,EQ,409.00,410.80,387.00,406.60,390.75,390.25,395.29,714.80,210.20,350269.00,138456442.25,11033.00
05-May-25,Monday,May,2025,Q2,EQ,378.00,409.45,376.20,372.25,409.40,406.60,399.39,714.80,210.20,600518.00,239842032.70,18557.00
02-May-25,Friday,May,2025,Q2,EQ,373.15,384.30,364.90,373.15,371.50,372.25,375.21,714.80,210.20,194534.00,72991766.25,9974.00
30-Apr-25,Wednesday,April,2025,Q2,EQ,390.25,390.95,369.30,389.80,371.00,373.15,378.65,714.80,210.20,200842.00,76047925.25,8319.00
29-Apr-25,Tuesday,April,2025,Q2,EQ,397.80,401.70,386.35,395.35,388.25,389.80,393.87,714.80,210.20,340576.00,134143811.65,9874.00
28-Apr-25,Monday,April,2025,Q2,EQ,409.00,410.95,391.00,403.25,393.60,395.35,399.05,714.80,210.20,288275.00,115036830.50,10427.00
25-Apr-25,Friday,April,2025,Q2,EQ,451.60,451.60,390.00,422.95,403.00,403.25,410.38,714.80,210.20,1615148.00,662825549.80,32454.00
24-Apr-25,Thursday,April,2025,Q2,EQ,385.45,422.95,381.95,384.50,422.95,422.95,407.47,714.80,210.20,1011354.00,412097101.55,18818.00
23-Apr-25,Wednesday,April,2025,Q2,EQ,384.70,394.45,377.05,379.35,384.50,384.50,384.80,714.80,210.20,312899.00,120404313.65,9186.00
22-Apr-25,Tuesday,April,2025,Q2,EQ,383.00,388.40,374.00,381.55,378.30,379.35,381.25,714.80,210.20,241574.00,92099416.70,7126.00
21-Apr-25,Monday,April,2025,Q2,EQ,378.00,394.65,357.35,364.90,381.95,381.55,376.62,714.80,210.20,396090.00,149176041.15,12169.00
17-Apr-25,Thursday,April,2025,Q2,EQ,367.35,372.00,359.00,367.35,366.00,364.90,365.06,714.80,210.20,189666.00,69238553.65,5296.00
16-Apr-25,Wednesday,April,2025,Q2,EQ,368.90,373.70,359.95,365.15,368.00,367.35,367.62,714.80,210.20,159470.00,58623884.70,6142.00
15-Apr-25,Tuesday,April,2025,Q2,EQ,350.00,369.95,347.40,340.45,364.05,365.15,359.74,714.80,210.20,252531.00,90845837.95,9386.00
11-Apr-25,Friday,April,2025,Q2,EQ,338.40,344.85,332.20,326.70,341.45,340.45,337.05,714.80,210.20,162874.00,54896756.30,6753.00
09-Apr-25,Wednesday,April,2025,Q2,EQ,347.95,347.95,320.85,345.30,326.65,326.70,328.77,714.80,210.20,232947.00,76586786.05,8766.00
08-Apr-25,Tuesday,April,2025,Q2,EQ,354.40,357.75,340.05,341.70,346.00,345.30,346.79,714.80,210.20,242446.00,84077378.20,8756.00
07-Apr-25,Monday,April,2025,Q2,EQ,331.00,344.90,330.60,367.30,342.05,341.70,337.06,714.80,210.20,302225.00,101868545.80,7974.00
04-Apr-25,Friday,April,2025,Q2,EQ,401.35,405.90,367.30,386.60,367.30,367.30,391.94,714.80,210.20,1156388.00,453240464.15,11537.00
03-Apr-25,Thursday,April,2025,Q2,EQ,367.90,386.60,364.25,368.20,386.60,386.60,378.58,714.80,210.20,110190.00,41715961.55,3683.00
02-Apr-25,Wednesday,April,2025,Q2,EQ,379.00,380.05,360.10,370.40,367.30,368.20,366.93,714.80,210.20,231117.00,84802630.45,9026.00
01-Apr-25,Tuesday,April,2025,Q2,EQ,361.95,373.00,361.95,360.25,370.95,370.40,368.34,714.80,210.20,199218.00,73379829.50,11811.00
28-Mar-25,Friday,March,2025,Q1,EQ,373.00,373.90,355.50,365.00,358.00,360.25,364.16,714.80,210.20,205028.00,74663402.75,6022.00
27-Mar-25,Thursday,March,2025,Q1,EQ,355.10,368.00,350.60,356.15,364.70,365.00,359.02,714.80,210.20,364990.00,131037223.15,9346.00
26-Mar-25,Wednesday,March,2025,Q1,EQ,366.55,370.20,355.00,366.55,355.10,356.15,360.73,714.80,210.20,246313.00,88852364.60,6512.00
25-Mar-25,Tuesday,March,2025,Q1,EQ,373.95,377.00,360.70,370.20,365.60,366.55,366.35,714.80,210.20,515574.00,188879804.30,13097.00
24-Mar-25,Monday,March,2025,Q1,EQ,364.95,377.50,355.40,359.55,370.50,370.20,371.23,714.80,210.20,745984.00,276934259.20,10314.00
21-Mar-25,Friday,March,2025,Q1,EQ,349.00,374.85,340.45,358.35,360.50,359.55,360.23,714.80,210.20,642316.00,231378369.65,15500.00
20-Mar-25,Thursday,March,2025,Q1,EQ,355.15,364.60,349.00,352.85,357.00,358.35,356.89,714.80,210.20,347433.00,123993997.80,7661.00
19-Mar-25,Wednesday,March,2025,Q1,EQ,354.95,366.70,345.15,349.25,351.00,352.85,356.52,714.80,210.20,888066.00,316616605.95,12734.00
18-Mar-25,Tuesday,March,2025,Q1,EQ,332.65,349.25,332.65,332.65,349.25,349.25,347.22,714.80,210.20,177244.00,61542920.80,1949.00
17-Mar-25,Monday,March,2025,Q1,EQ,333.50,344.40,326.35,332.10,329.80,332.65,336.61,714.80,210.20,228943.00,77064521.50,6903.00
13-Mar-25,Thursday,March,2025,Q1,EQ,340.05,345.15,329.00,338.35,333.00,332.10,334.35,714.80,209.80,255971.00,85583167.60,8936.00
12-Mar-25,Wednesday,March,2025,Q1,EQ,344.50,355.10,336.35,348.35,337.95,338.35,342.30,714.80,209.80,226908.00,77671436.80,5980.00
11-Mar-25,Tuesday,March,2025,Q1,EQ,353.70,360.00,339.25,357.10,352.40,348.35,351.15,714.80,209.80,292265.00,102628540.60,8300.00
10-Mar-25,Monday,March,2025,Q1,EQ,379.00,389.70,353.70,372.15,355.30,357.10,367.84,714.80,209.80,397301.00,146143101.70,10005.00
07-Mar-25,Friday,March,2025,Q1,EQ,354.50,372.15,353.10,354.45,372.15,372.15,366.63,714.80,209.80,207399.00,76038761.10,4323.00
06-Mar-25,Thursday,March,2025,Q1,EQ,352.65,359.65,348.20,350.30,353.85,354.45,354.04,714.80,209.80,179548.00,63566667.25,7398.00
05-Mar-25,Wednesday,March,2025,Q1,EQ,353.40,364.20,337.60,346.90,350.00,350.30,354.15,714.80,209.80,547384.00,193854705.25,9180.00
04-Mar-25,Tuesday,March,2025,Q1,EQ,337.30,364.00,337.30,354.20,347.50,346.90,349.40,714.80,209.80,427008.00,149194499.15,16608.00
03-Mar-25,Monday,March,2025,Q1,EQ,373.30,376.15,354.20,372.80,354.20,354.20,356.73,714.80,209.80,359257.00,128156788.75,5673.00
28-Feb-25,Friday,February,2025,Q1,EQ,389.95,389.95,372.80,392.40,372.80,372.80,373.24,714.80,209.80,715839.00,267176993.20,7341.00
27-Feb-25,Thursday,February,2025,Q1,EQ,425.25,425.25,392.40,413.05,392.40,392.40,397.03,714.80,209.80,184968.00,73437905.50,5514.00
25-Feb-25,Tuesday,February,2025,Q1,EQ,423.50,431.80,411.00,423.50,413.65,413.05,417.67,714.80,209.80,165417.00,69089712.75,8686.00
24-Feb-25,Monday,February,2025,Q1,EQ,408.40,433.25,401.75,422.90,420.95,423.50,412.43,714.80,209.80,256833.00,105925161.20,10735.00
21-Feb-25,Friday,February,2025,Q1,EQ,454.65,454.65,422.90,445.15,422.90,422.90,426.59,714.80,209.80,236295.00,100801693.60,10256.00
20-Feb-25,Thursday,February,2025,Q1,EQ,448.70,460.90,441.00,448.15,445.10,445.15,450.15,714.80,209.80,237661.00,106982796.75,8425.00
19-Feb-25,Wednesday,February,2025,Q1,EQ,432.00,455.05,424.00,444.40,449.25,448.15,443.67,714.80,209.80,191185.00,84822439.80,8637.00
18-Feb-25,Tuesday,February,2025,Q1,EQ,466.65,470.80,444.40,467.75,444.40,444.40,447.19,714.80,209.80,139694.00,62469280.15,5532.00
17-Feb-25,Monday,February,2025,Q1,EQ,443.50,474.00,443.50,454.50,464.90,467.75,462.03,714.80,209.80,234847.00,108507229.65,9138.00
14-Feb-25,Friday,February,2025,Q1,EQ,475.15,486.55,453.85,477.70,456.10,454.50,464.81,714.80,209.80,180653.00,83969082.35,7009.00
13-Feb-25,Thursday,February,2025,Q1,EQ,502.90,506.10,472.55,495.75,475.05,477.70,484.63,714.80,209.80,189149.00,91668078.90,7151.00
12-Feb-25,Wednesday,February,2025,Q1,EQ,485.50,504.90,484.50,485.50,492.05,495.75,493.86,714.80,209.80,376491.00,185935642.40,12712.00
11-Feb-25,Tuesday,February,2025,Q1,EQ,503.85,510.00,480.50,500.85,488.75,485.50,491.91,714.80,209.80,166119.00,81716214.90,6442.00
10-Feb-25,Monday,February,2025,Q1,EQ,518.40,521.00,485.10,510.60,507.00,500.85,497.33,714.80,209.80,230484.00,114625725.60,6229.00
07-Feb-25,Friday,February,2025,Q1,EQ,509.50,520.00,490.10,507.05,515.15,510.60,505.67,714.80,209.80,124192.00,62800227.10,7192.00
06-Feb-25,Thursday,February,2025,Q1,EQ,510.00,514.80,500.05,504.40,507.10,507.05,507.19,714.80,209.80,95873.00,48625933.40,5734.00
05-Feb-25,Wednesday,February,2025,Q1,EQ,499.90,509.45,496.65,496.30,503.75,504.40,504.26,714.80,209.80,123038.00,62043052.75,6065.00
04-Feb-25,Tuesday,February,2025,Q1,EQ,501.00,525.20,479.00,500.20,496.70,496.30,494.66,714.80,209.80,602006.00,297789410.00,20364.00
03-Feb-25,Monday,February,2025,Q1,EQ,510.25,520.10,499.55,525.80,499.55,500.20,501.24,714.80,209.80,218728.00,109634146.90,4429.00
01-Feb-25,Saturday,February,2025,Q1,EQ,525.00,530.00,518.00,515.20,524.60,525.80,524.76,714.80,209.80,115856.00,60796939.45,4392.00
31-Jan-25,Friday,January,2025,Q1,EQ,508.10,523.80,503.20,527.90,515.00,515.20,513.23,714.80,209.80,421520.00,216335904.40,14831.00
30-Jan-25,Thursday,January,2025,Q1,EQ,548.05,558.45,527.90,555.65,527.90,527.90,535.23,714.80,209.80,749785.00,401307786.40,11627.00
29-Jan-25,Wednesday,January,2025,Q1,EQ,563.30,587.00,555.00,584.20,555.10,555.65,559.19,714.80,209.80,763790.00,427103497.50,9413.00
28-Jan-25,Tuesday,January,2025,Q1,EQ,588.00,601.95,584.20,614.95,584.20,584.20,585.44,714.80,209.80,260684.00,152615997.25,2534.00
27-Jan-25,Monday,January,2025,Q1,EQ,647.00,647.00,614.95,647.30,614.95,614.95,619.39,714.80,209.80,131622.00,81524760.40,4244.00
24-Jan-25,Friday,January,2025,Q1,EQ,641.00,656.00,626.50,639.65,654.00,647.30,648.67,714.80,209.80,526291.00,341390606.55,17658.00
23-Jan-25,Thursday,January,2025,Q1,EQ,619.90,641.10,609.60,610.60,639.00,639.65,636.92,714.80,209.80,316622.00,201662977.65,5993.00
22-Jan-25,Wednesday,January,2025,Q1,EQ,635.00,641.95,601.35,633.00,610.90,610.60,612.65,714.80,209.80,233391.00,142985882.80,7175.00
21-Jan-25,Tuesday,January,2025,Q1,EQ,658.00,677.75,628.10,645.50,632.00,633.00,655.04,714.80,209.80,355250.00,232701520.50,9234.00
20-Jan-25,Monday,January,2025,Q1,EQ,628.90,645.50,606.15,614.80,645.50,645.50,641.41,714.80,209.80,771043.00,494551524.75,6659.00
17-Jan-25,Friday,January,2025,Q1,EQ,631.00,631.00,603.00,627.15,614.05,614.80,611.26,714.80,209.80,132226.00,80825092.20,6716.00
16-Jan-25,Thursday,January,2025,Q1,EQ,629.80,630.95,615.00,614.95,629.00,627.15,625.03,714.80,209.80,86334.00,53961313.60,4747.00
15-Jan-25,Wednesday,January,2025,Q1,EQ,621.95,630.45,603.05,616.25,620.00,614.95,618.49,714.80,209.80,116192.00,71863529.30,5861.00
14-Jan-25,Tuesday,January,2025,Q1,EQ,595.00,621.95,588.00,598.50,615.00,616.25,609.48,714.80,209.80,149359.00,91031529.75,6861.00
13-Jan-25,Monday,January,2025,Q1,EQ,611.00,648.10,587.70,617.25,596.50,598.50,629.11,714.80,209.80,515320.00,324192711.15,12139.00
10-Jan-25,Friday,January,2025,Q1,EQ,653.95,656.00,612.50,644.35,614.55,617.25,625.74,714.80,209.80,203649.00,127430709.65,8968.00
09-Jan-25,Thursday,January,2025,Q1,EQ,664.80,672.95,640.00,665.55,646.00,644.35,650.49,714.80,209.80,121399.00,78968734.10,5037.00
08-Jan-25,Wednesday,January,2025,Q1,EQ,657.90,674.95,634.55,654.90,664.00,665.55,652.83,714.80,209.80,292961.00,191255168.85,9921.00
07-Jan-25,Tuesday,January,2025,Q1,EQ,636.05,663.25,621.75,631.70,656.00,654.90,645.36,714.80,209.80,175949.00,113551036.10,6088.00
06-Jan-25,Monday,January,2025,Q1,EQ,660.05,676.00,631.65,664.90,634.50,631.70,638.52,714.80,209.80,253685.00,161982855.30,7006.00
03-Jan-25,Friday,January,2025,Q1,EQ,675.70,688.00,660.00,675.25,663.00,664.90,670.25,714.80,209.80,146754.00,98361903.85,6935.00
02-Jan-25,Thursday,January,2025,Q1,EQ,679.00,696.45,670.35,676.15,677.45,675.25,682.29,714.80,209.80,199550.00,136151700.30,7293.00
01-Jan-25,Wednesday,January,2025,Q1,EQ,659.80,681.15,652.10,648.75,677.70,676.15,677.68,714.80,209.80,406015.00,275148078.75,5025.00
31-Dec-24,Tuesday,December,2024,Q4,EQ,651.30,653.70,647.05,648.90,648.95,648.75,649.64,714.80,209.80,93662.00,60846820.75,3429.00
30-Dec-24,Monday,December,2024,Q4,EQ,646.25,651.00,641.80,643.65,650.80,648.90,648.43,714.80,209.80,163911.00,106284072.60,4517.00
27-Dec-24,Friday,December,2024,Q4,EQ,635.80,658.80,629.55,629.55,640.00,643.65,644.96,714.80,209.80,173541.00,111927459.50,6147.00
26-Dec-24,Thursday,December,2024,Q4,EQ,632.00,634.95,613.25,634.05,630.00,629.55,625.15,714.80,209.80,166032.00,103795666.45,6544.00
24-Dec-24,Tuesday,December,2024,Q4,EQ,666.05,673.25,634.05,667.40,634.05,634.05,643.14,714.80,209.80,216436.00,139198371.15,5946.00
23-Dec-24,Monday,December,2024,Q4,EQ,656.45,679.70,644.05,647.35,669.00,667.40,670.15,714.80,209.80,368962.00,247258167.00,7958.00
20-Dec-24,Friday,December,2024,Q4,EQ,684.80,689.00,647.35,681.40,647.35,647.35,666.81,714.80,209.80,269929.00,179991600.15,7967.00
19-Dec-24,Thursday,December,2024,Q4,EQ,664.95,694.80,661.05,680.95,682.00,681.40,682.92,714.80,209.80,145791.00,99563064.85,5488.00
18-Dec-24,Wednesday,December,2024,Q4,EQ,697.30,699.40,675.60,691.70,679.50,680.95,685.75,714.80,209.80,135403.00,92852897.05,4816.00
17-Dec-24,Tuesday,December,2024,Q4,EQ,697.90,707.00,685.25,693.75,694.00,691.70,696.97,714.80,209.80,234618.00,163521008.70,6400.00
16-Dec-24,Monday,December,2024,Q4,EQ,691.95,695.85,673.15,693.75,694.30,693.75,685.99,714.80,209.80,308812.00,211840656.15,8556.00
13-Dec-24,Friday,December,2024,Q4,EQ,654.75,696.45,646.85,663.30,692.00,693.75,686.29,714.80,209.80,551442.00,378447246.80,9090.00
12-Dec-24,Thursday,December,2024,Q4,EQ,707.75,707.75,660.65,695.40,660.65,663.30,676.87,714.80,209.80,270282.00,182946165.10,7813.00
11-Dec-24,Wednesday,December,2024,Q4,EQ,694.55,700.00,682.05,694.95,694.55,695.40,694.18,714.80,209.80,148351.00,102982855.95,5601.00
10-Dec-24,Tuesday,December,2024,Q4,EQ,706.00,709.00,691.50,704.20,699.40,694.95,698.76,714.80,209.80,236987.00,165597339.95,6275.00
09-Dec-24,Monday,December,2024,Q4,EQ,694.70,714.80,687.00,684.95,705.00,704.20,704.77,714.80,209.80,527347.00,371660256.20,9954.00
06-Dec-24,Friday,December,2024,Q4,EQ,683.95,696.50,672.75,679.30,689.85,684.95,685.43,708.55,209.80,299773.00,205472289.05,7836.00
05-Dec-24,Thursday,December,2024,Q4,EQ,697.25,701.00,671.00,692.75,680.00,679.30,688.67,708.55,209.80,346773.00,238811827.40,9221.00
04-Dec-24,Wednesday,December,2024,Q4,EQ,679.00,708.55,676.00,675.50,697.70,692.75,694.81,708.55,209.80,897284.00,623443931.90,17166.00
03-Dec-24,Tuesday,December,2024,Q4,EQ,675.35,689.45,663.15,660.35,675.70,675.50,675.74,689.45,209.80,801194.00,541401743.85,18062.00
02-Dec-24,Monday,December,2024,Q4,EQ,637.00,660.35,633.10,628.95,660.35,660.35,656.48,660.35,209.80,1021285.00,670449494.80,13503.00
29-Nov-24,Friday,November,2024,Q4,EQ,603.95,632.85,595.80,602.75,632.85,628.95,617.67,632.85,209.80,749159.00,462732425.85,14760.00
28-Nov-24,Thursday,November,2024,Q4,EQ,604.00,614.30,590.05,598.90,605.00,602.75,603.94,618.20,209.80,491911.00,297084989.70,13675.00
27-Nov-24,Wednesday,November,2024,Q4,EQ,584.05,613.25,575.35,584.05,599.00,598.90,600.80,618.20,209.80,754496.00,453300218.45,13267.00
26-Nov-24,Tuesday,November,2024,Q4,EQ,568.00,591.65,563.40,563.50,583.00,584.05,580.36,618.20,209.80,327321.00,189964908.75,7741.00
25-Nov-24,Monday,November,2024,Q4,EQ,594.00,594.00,556.00,569.05,568.80,563.50,565.60,618.20,209.80,306518.00,173366055.35,8551.00
22-Nov-24,Friday,November,2024,Q4,EQ,618.00,618.20,565.50,588.95,568.70,569.05,581.35,618.20,209.80,441726.00,256797776.70,14101.00
21-Nov-24,Thursday,November,2024,Q4,EQ,563.00,598.60,559.95,571.00,590.00,588.95,583.63,606.25,209.80,701986.00,409699194.25,15724.00
19-Nov-24,Tuesday,November,2024,Q4,EQ,584.80,606.25,565.00,577.40,571.00,571.00,593.18,606.25,209.80,1056936.00,626954257.40,17780.00
18-Nov-24,Monday,November,2024,Q4,EQ,574.00,577.65,556.50,550.15,577.65,577.40,573.22,594.00,209.80,749021.00,429354472.45,11333.00
